{"cameraMode":{"drawMode":0,"name":"Shaded","section":"Shading Mode"},"sceneLighting":true,"audioPlay":false,"sceneViewState":{"showFog":true,"showMaterialUpdate":false,"showSkybox":true,"showFlares":true,"showImageEffects":true,"showParticleSystems":true},"in2DMode":false,"pivot":{"x":-5.5,"y":-2.880000114440918,"z":-0.034870490431785586},"rotation":{"x":0.06443729251623154,"y":-0.28025147318840029,"z":-0.018856415525078775,"w":-0.957575798034668},"size":7.116970539093018,"orthographic":false}