{"cameraMode":{"drawMode":0,"name":"Shaded","section":"Shading Mode"},"sceneLighting":false,"audioPlay":false,"sceneViewState":{"showFog":true,"showMaterialUpdate":false,"showSkybox":true,"showFlares":true,"showImageEffects":true,"showParticleSystems":true},"in2DMode":false,"pivot":{"x":-3.0399999618530275,"y":-1.5899999141693116,"z":0.0},"rotation":{"x":-0.008550371043384076,"y":0.1790185123682022,"z":0.0015559116145595909,"w":0.983807384967804},"size":8.5751314163208,"orthographic":false}