{"cameraMode":{"drawMode":0,"name":"Shaded","section":"Shading Mode"},"sceneLighting":true,"audioPlay":false,"sceneViewState":{"showFog":true,"showMaterialUpdate":false,"showSkybox":true,"showFlares":true,"showImageEffects":true,"showParticleSystems":true},"in2DMode":false,"pivot":{"x":0.9100525379180908,"y":-2.55175518989563,"z":-0.6503381729125977},"rotation":{"x":0.023629959672689439,"y":-0.07013898342847824,"z":-0.0016598465153947473,"w":-0.9972559809684753},"size":9.650999069213868,"orthographic":false}