{"cameraMode":{"drawMode":0,"name":"Shaded","section":"Shading Mode"},"sceneLighting":false,"audioPlay":false,"sceneViewState":{"showFog":true,"showMaterialUpdate":false,"showSkybox":true,"showFlares":true,"showImageEffects":true,"showParticleSystems":true},"in2DMode":false,"pivot":{"x":-2.9991540908813478,"y":-2.1876771450042726,"z":0.22014877200126649},"rotation":{"x":-0.1326548159122467,"y":0.33258572220802309,"z":-0.04731345549225807,"w":-0.9324970841407776},"size":63.2214469909668,"orthographic":false}