{"cameraMode":{"drawMode":0,"name":"Shaded","section":"Shading Mode"},"sceneLighting":true,"audioPlay":false,"sceneViewState":{"showFog":true,"showMaterialUpdate":false,"showSkybox":true,"showFlares":true,"showImageEffects":true,"showParticleSystems":true},"in2DMode":false,"pivot":{"x":20.13096046447754,"y":-0.7837513089179993,"z":0.7706766128540039},"rotation":{"x":0.012309354729950428,"y":-0.002688502660021186,"z":0.000033248525141971186,"w":0.999920666217804},"size":20.9259033203125,"orthographic":false}