{"cameraMode":{"drawMode":0,"name":"Shaded","section":"Shading Mode"},"sceneLighting":false,"audioPlay":false,"sceneViewState":{"showFog":true,"showMaterialUpdate":false,"showSkybox":true,"showFlares":true,"showImageEffects":true,"showParticleSystems":true},"in2DMode":false,"pivot":{"x":-0.26999998092651369,"y":-1.5899999141693116,"z":0.0},"rotation":{"x":0.1050914004445076,"y":0.020877990871667863,"z":-0.0022067560348659755,"w":0.994240939617157},"size":11.040410995483399,"orthographic":false}