{"cameraMode":{"drawMode":0,"name":"Shaded","section":"Shading Mode"},"sceneLighting":true,"audioPlay":false,"sceneViewState":{"showFog":true,"showMaterialUpdate":true,"showSkybox":true,"showFlares":true,"showImageEffects":true,"showParticleSystems":true},"in2DMode":false,"pivot":{"x":-19.24558448791504,"y":-0.16925835609436036,"z":0.4588336944580078},"rotation":{"x":-0.061461079865694049,"y":0.004491543862968683,"z":0.0002769541461020708,"w":0.9980993270874023},"size":32.52554702758789,"orthographic":false}