{"cameraMode":{"drawMode":0,"name":"Shaded","section":"Shading Mode"},"sceneLighting":true,"audioPlay":false,"sceneViewState":{"showFog":true,"showMaterialUpdate":false,"showSkybox":true,"showFlares":true,"showImageEffects":true,"showParticleSystems":true},"in2DMode":false,"pivot":{"x":110.80369567871094,"y":16.506772994995118,"z":-1.024845838546753},"rotation":{"x":0.1606293022632599,"y":0.03467019647359848,"z":-0.005371688399463892,"w":0.9864639639854431},"size":34.72292709350586,"orthographic":false}