{"cameraMode":{"drawMode":0,"name":"Shaded","section":"Shading Mode"},"sceneLighting":true,"audioPlay":false,"sceneViewState":{"showFog":true,"showMaterialUpdate":false,"showSkybox":true,"showFlares":true,"showImageEffects":true,"showParticleSystems":true},"in2DMode":false,"pivot":{"x":58.012142181396487,"y":10.096961975097657,"z":12.189008712768555},"rotation":{"x":0.11807795614004135,"y":-0.04913312569260597,"z":0.005849987268447876,"w":0.99177086353302},"size":21.115880966186525,"orthographic":false}