{"cameraMode":{"drawMode":0,"name":"Shaded","section":"Shading Mode"},"sceneLighting":false,"audioPlay":false,"sceneViewState":{"showFog":true,"showMaterialUpdate":false,"showSkybox":true,"showFlares":true,"showImageEffects":true,"showParticleSystems":true},"in2DMode":false,"pivot":{"x":-19.94305419921875,"y":-2.3259999752044679,"z":-0.023000001907348634},"rotation":{"x":0.06744856387376785,"y":3.80350712703148e-7,"z":-0.0000013834631999998238,"w":0.9977227449417114},"size":7.8455891609191898,"orthographic":false}