{"cameraMode":{"drawMode":0,"name":"Shaded","section":"Shading Mode"},"sceneLighting":false,"audioPlay":false,"sceneViewState":{"showFog":true,"showMaterialUpdate":false,"showSkybox":true,"showFlares":true,"showImageEffects":true,"showParticleSystems":true},"in2DMode":false,"pivot":{"x":-20.3228702545166,"y":-2.761993885040283,"z":-0.1898050308227539},"rotation":{"x":0.010497846640646458,"y":-0.01799769513309002,"z":0.00018762533727567643,"w":0.999782919883728},"size":1.1198049783706666,"orthographic":false}