{"cameraMode":{"drawMode":0,"name":"Shaded","section":"Shading Mode"},"sceneLighting":false,"audioPlay":false,"sceneViewState":{"showFog":true,"showMaterialUpdate":false,"showSkybox":true,"showFlares":true,"showImageEffects":true,"showParticleSystems":true},"in2DMode":false,"pivot":{"x":-19.94305419921875,"y":-2.3259999752044679,"z":-0.023000001907348634},"rotation":{"x":0.06880487501621247,"y":-0.2137916088104248,"z":0.015095952898263932,"w":0.9743363857269287},"size":7.8455891609191898,"orthographic":false}