{"cameraMode":{"drawMode":0,"name":"Shaded","section":"Shading Mode"},"sceneLighting":false,"audioPlay":false,"sceneViewState":{"showFog":true,"showMaterialUpdate":false,"showSkybox":true,"showFlares":true,"showImageEffects":true,"showParticleSystems":true},"in2DMode":false,"pivot":{"x":-20.739999771118165,"y":-2.072999954223633,"z":-0.21066999435424806},"rotation":{"x":0.010497846640646458,"y":-0.01799769513309002,"z":0.00018762533727567643,"w":0.999782919883728},"size":1.0173602104187012,"orthographic":false}