{"cameraMode":{"drawMode":0,"name":"Shaded","section":"Shading Mode"},"sceneLighting":true,"audioPlay":false,"sceneViewState":{"showFog":true,"showMaterialUpdate":false,"showSkybox":true,"showFlares":true,"showImageEffects":true,"showParticleSystems":true},"in2DMode":false,"pivot":{"x":7.929011344909668,"y":7.866725921630859,"z":-1.7598495483398438},"rotation":{"x":0.05786152929067612,"y":-0.011979503557085991,"z":0.0006951831746846437,"w":0.9982525110244751},"size":60.1068115234375,"orthographic":false}