{"cameraMode":{"drawMode":0,"name":"Shaded","section":"Shading Mode"},"sceneLighting":true,"audioPlay":false,"sceneViewState":{"showFog":true,"showMaterialUpdate":false,"showSkybox":true,"showFlares":true,"showImageEffects":true,"showParticleSystems":true},"in2DMode":false,"pivot":{"x":-3.3217902183532717,"y":1.7083103656768799,"z":1.0057485103607178},"rotation":{"x":0.040177468210458758,"y":-0.011392584070563317,"z":-0.00045892372145317495,"w":-0.9991378784179688},"size":5.34724760055542,"orthographic":false}