{"cameraMode":{"drawMode":0,"name":"Shaded","section":"Shading Mode"},"sceneLighting":false,"audioPlay":false,"sceneViewState":{"showFog":true,"showMaterialUpdate":false,"showSkybox":true,"showFlares":true,"showImageEffects":true,"showParticleSystems":true},"in2DMode":false,"pivot":{"x":4.679999828338623,"y":1.5399999618530274,"z":0.42874014377593996},"rotation":{"x":-0.010806219652295113,"y":0.024592870846390725,"z":-0.00026543333660811186,"w":-0.9996416568756104},"size":8.401954650878907,"orthographic":false}