{"cameraMode":{"drawMode":0,"name":"Shaded","section":"Shading Mode"},"sceneLighting":false,"audioPlay":false,"sceneViewState":{"showFog":true,"showMaterialUpdate":false,"showSkybox":true,"showFlares":true,"showImageEffects":true,"showParticleSystems":true},"in2DMode":false,"pivot":{"x":-15.477999687194825,"y":1.5410687923431397,"z":0.004976511001586914},"rotation":{"x":-0.16056065261363984,"y":-0.11167287826538086,"z":0.01828654669225216,"w":-0.980522632598877},"size":2.9197161197662355,"orthographic":false}