{"cameraMode":{"drawMode":0,"name":"Shaded","section":"Shading Mode"},"sceneLighting":true,"audioPlay":false,"sceneViewState":{"showFog":true,"showMaterialUpdate":false,"showSkybox":true,"showFlares":true,"showImageEffects":true,"showParticleSystems":true},"in2DMode":false,"pivot":{"x":197.83352661132813,"y":81.41409301757813,"z":0.4590911865234375},"rotation":{"x":-0.01530913170427084,"y":-0.0039028567261993887,"z":0.000059639809478539973,"w":-0.9998818039894104},"size":176.89144897460938,"orthographic":false}