{"cameraMode":{"drawMode":0,"name":"Shaded","section":"Shading Mode"},"sceneLighting":true,"audioPlay":false,"sceneViewState":{"showFog":true,"showMaterialUpdate":false,"showSkybox":true,"showFlares":true,"showImageEffects":true,"showParticleSystems":true},"in2DMode":false,"pivot":{"x":-2.8778934478759767,"y":2.7547147274017336,"z":-0.046056799590587619},"rotation":{"x":0.032578811049461368,"y":-0.08027329295873642,"z":-0.0026252183597534897,"w":-0.9962366223335266},"size":11.612122535705567,"orthographic":false}