{"cameraMode":{"drawMode":0,"name":"Shaded","section":"Shading Mode"},"sceneLighting":true,"audioPlay":false,"sceneViewState":{"showFog":true,"showMaterialUpdate":false,"showSkybox":true,"showFlares":true,"showImageEffects":true,"showParticleSystems":true},"in2DMode":false,"pivot":{"x":59.2123908996582,"y":18.142152786254884,"z":-7.470123291015625},"rotation":{"x":-0.024307867512106897,"y":0.00809569749981165,"z":-0.00019018331659026444,"w":-0.9997107982635498},"size":96.53507232666016,"orthographic":false}